{
    "perplexity": 304.6575012207031,
    "rouge": {
        "rouge1": 0.07957393483709271,
        "rouge2": 0.062987012987013,
        "rougeL": 0.07957393483709271,
        "rougeLsum": 0.07957393483709271
    },
    "bleu": 0.027047674357994555
}